PAPEL;SEGMENTO;COTACAO;FFO_YIELD;DIVIDEND_YIELD;P_VP;VALOR_DE_MERCADO;LIQUIDEZ;QTD_DE_IMOVEIS;PRECO_DO_M2;ALUGUEL_POR_M2;CAP_RATE;VACANCIA_MEDIA
AAZQ11;Títulos e Val. Mob.;6.79;0.21100000000000002;0.18789999999999998;0.79;163213000.0;643927.0;0;0.0;0.0;0.0;0.0
ABCP11;Shoppings;74.52;0.09570000000000001;0.0925;0.69;350921000.0;56830.0;1;4905.33;571.37;0.1165;0.1182
AEFI11;Outros;174.9;0.0904;0.0;1.56;411893000.0;0.0;7;0.0;398.61;0.0;0.0
AFCR11;Híbrido;103.15;0.1093;0.0;1.09;498867000.0;0.0;0;0.0;0.0;0.0;0.0
AFHI11;Títulos e Val. Mob.;87.92;0.1069;0.1276;0.96;400530000.0;1237150.0;0;0.0;0.0;0.0;0.0
AFOF11;Títulos e Val. Mob.;91.6;0.0086;0.0;12.23;1390540000.0;0.0;0;0.0;0.0;0.0;0.0
AGCX11;Outros;1235.5;0.0059;0.0;11.48;19291500000.0;0.0;72;101355.0;741.05;0.0073;0.053899999999999997
AGRX11;Híbrido;8.05;0.2303;0.17370000000000002;0.79;144120000.0;266442.0;0;0.0;0.0;0.0;0.0
AIEC11;Lajes Corporativas;46.75;0.2022;0.1769;0.63;225568000.0;679492.0;2;9452.29;1913.15;0.2024;0.0
AJFI11;Títulos e Val. Mob.;6.78;0.1137;0.12279999999999999;0.56;214424000.0;630438.0;6;968.04;105.41;0.10890000000000001;0.0672
ALMI11;Lajes Corporativas;614.2;0.053099999999999994;0.0408;0.29;68284900.0;37664.0;1;1489.28;215.94;0.145;0.5539999999999999
ALZC11;Títulos e Val. Mob.;91.0;0.0825;0.1294;0.94;61918800.0;167462.0;0;0.0;0.0;0.0;0.0
ALZM11;Títulos e Val. Mob.;6.4;0.12269999999999999;0.1595;0.85;97155500.0;69999.0;0;0.0;0.0;0.0;0.0
ALZR11;Híbrido;99.48;0.07519999999999999;0.0911;0.96;1216300000.0;1793150.0;16;4730.95;362.8;0.0767;0.0
ALZT11;Títulos e Val. Mob.;33.0;0.2072;0.012;0.81;16500000.0;121.0;0;0.0;0.0;0.0;0.0
ANCR11;Shoppings;75.0;0.1177;0.0793;0.77;2005130000.0;349.0;7;9135.13;1347.77;0.1475;0.044199999999999996
APTO11;Híbrido;8.64;0.1261;0.135;0.89;39849600.0;18693.0;4;15058.7;1091.99;0.0725;0.0
APXM11;Híbrido;102.0;0.0426;0.061500000000000006;0.97;288572000.0;79298.0;1;1884.29;154.9;0.08220000000000001;0.1058
ARCT11;Híbrido;87.13;-0.615;0.0;0.87;368999000.0;0.0;11;1492.32;130.14;0.0872;0.0
AROA11;Outros;0.99;0.0729;0.0739;1.0;166248000.0;4283.0;6;1267.51;103.55;0.0817;0.0
ARRI11;Títulos e Val. Mob.;7.61;0.0757;0.1008;0.89;149513000.0;580618.0;0;0.0;0.0;0.0;0.0
ARXD11;Títulos e Val. Mob.;7.02;0.11960000000000001;0.1729;0.74;63258400.0;102878.0;0;0.0;0.0;0.0;0.0
ASMT11;Híbrido;27.85;0.121;0.0;0.3;30113000.0;4304.0;3;2494.5;751.37;0.3012;0.0
ASRF11;Híbrido;10888.0;-0.07440000000000001;0.0;1.0;32032500.0;532.0;2;4221.85;0.0;0.0;0.0
ATSA11;Shoppings;52.2;0.034;0.0424;0.69;91409600.0;6380.0;1;2691.52;108.93;0.0405;0.17420000000000002
AURB11;Logística;71.76;-0.0073;0.0;0.96;64477400.0;9.0;2;1945.43;115.8;0.059500000000000004;0.2894
AZPL11;Logística;6.34;-0.0004;0.0;0.64;115449000.0;575447.0;0;0.0;0.0;0.0;0.0
BARI11;Títulos e Val. Mob.;63.48;0.1434;0.1525;0.71;294178000.0;554604.0;3;2825.94;0.0;0.0;0.0
BBFI11;Lajes Corporativas;361.4;2.0012;0.6369;0.5;46982000.0;52616.0;1;1099.59;2484.95;2.2599;1.0
BBFO11;Títulos e Val. Mob.;56.55;0.2082;0.1363;0.79;226421000.0;369683.0;0;0.0;0.0;0.0;0.0
BBGO11;Títulos e Val. Mob.;59.17;0.1945;0.1542;0.65;236986000.0;407749.0;0;0.0;0.0;0.0;0.0
BBIG11;Shoppings;6.9;0.019299999999999998;0.0441;0.71;683935000.0;1408740.0;0;0.0;0.0;0.0;0.0
BBPO11;Lajes Corporativas;96.75;0.1042;0.0;0.95;1540230000.0;0.0;61;3690.03;479.56;0.13;0.0144
BBRC11;Outros;94.87;0.1405;0.138;0.9;150843000.0;150861.0;20;9225.6;1585.84;0.17190000000000003;0.0
BBVJ11;Lajes Corporativas;62.99;0.0264;0.0;0.86;197789000.0;0.0;1;10221.7;574.62;0.0562;0.489
BCFF11;Títulos e Val. Mob.;7.35;0.1104;0.10619999999999999;0.84;1480960000.0;0.0;0;0.0;0.0;0.0;0.0
BCIA11;Títulos e Val. Mob.;79.0;0.1209;0.1309;0.84;293804000.0;374835.0;0;0.0;0.0;0.0;0.0
BCRI11;Títulos e Val. Mob.;59.89;0.1671;0.1532;0.71;374784000.0;415678.0;0;0.0;0.0;0.0;0.0
BICE11;Títulos e Val. Mob.;900.0;0.0711;0.0859;0.88;120073000.0;10746.0;0;0.0;0.0;0.0;0.0
BICR11;Títulos e Val. Mob.;35.92;0.19030000000000002;0.0681;0.88;17960000.0;0.0;0;0.0;0.0;0.0;0.0
BIME11;Híbrido;6.69;0.1388;0.1478;0.8;39107100.0;69446.0;2;151.59;0.0;0.0;0.0
BIPD11;Títulos e Val. Mob.;988.17;-0.0212;0.0739;0.99;109133000.0;0.0;2;7505.11;0.0;0.0;0.0
BLCA11;Lajes Corporativas;91.95;-0.015300000000000001;0.0652;0.69;147120000.0;57981.0;1;40202.5;3477.03;0.08650000000000001;0.0
BLCP11;Logística;91.0;0.0541;0.0;0.81;208962000.0;0.0;2;3014.16;199.89;0.0663;0.0
BLMC11;Títulos e Val. Mob.;85.75;0.111;0.02;0.91;34257100.0;0.0;0;0.0;0.0;0.0;0.0
BLMG11;Outros;29.52;0.2064;0.1495;0.42;126015000.0;425838.0;2;69.3;15.87;0.22899999999999998;0.5843
BLMO11;Lajes Corporativas;79.8;0.0643;0.0667;0.76;79386200.0;7773.0;1;9506.76;822.65;0.08650000000000001;0.0
BLMR11;Títulos e Val. Mob.;6.78;0.1017;0.0;0.84;173172000.0;0.0;0;0.0;0.0;0.0;0.0
BLOG11;Títulos e Val. Mob.;11.87;0.0108;0.0127;0.9;279682000.0;17510.0;0;0.0;0.0;0.017;0.0
BLUR11;Títulos e Val. Mob.;75.0;0.0745;0.1109;0.93;6750000.0;1077.0;0;0.0;0.0;0.0;0.0
BMLC11;Híbrido;97.94;0.0924;0.0848;0.93;97783800.0;126533.0;1;16230.2;1448.57;0.08929999999999999;0.021400000000000002
BNFS11;Outros;74.95;0.22039999999999998;0.21050000000000002;0.89;52465000.0;123886.0;18;4842.2;1252.77;0.2587;0.0022
BPFF11;Outros;52.63;0.19899999999999998;0.1388;0.78;236431000.0;355398.0;0;0.0;0.0;0.0;0.0
BPML11;Híbrido;73.6;0.027200000000000002;0.1678;0.58;547712000.0;1013200.0;4;4253.86;730.58;0.17170000000000002;0.0756
BPRP11;Outros;107.5;0.1056;0.0765;0.86;145107000.0;0.0;1;6230.68;692.07;0.11109999999999999;0.0
BRCO11;Logística;95.24;0.08380000000000001;0.0701;0.8;1514800000.0;3890620.0;12;2959.85;313.37;0.1059;0.059500000000000004
BRCR11;Híbrido;39.94;0.0026;0.1422;0.46;1063930000.0;1597490.0;6;9505.25;1587.88;0.1671;0.0471
BREV11;Híbrido;105.0;0.0659;0.0;0.0;101556000.0;0.0;13;0.0;1437.55;0.0;0.0
BRIM11;Residencial;946.0;0.001;0.2967;1.31;117434000.0;25247.0;1;145566.0;0.0;0.0;0.0
BRIP11;Híbrido;934.0;-0.0347;0.3676;1.12;201254000.0;30142.0;0;0.0;0.0;0.0;0.0
BRLA11;Outros;148.0;0.0684;0.0683;0.9;724795000.0;0.0;8;1690.24;119.44;0.0707;0.0
BROF11;Híbrido;47.35;0.13369999999999999;0.12300000000000001;0.44;549772000.0;421037.0;2;5954.86;1006.75;0.1691;0.046
BTAL11;Outros;69.0;0.20850000000000002;0.1362;0.63;412809000.0;560924.0;9;1203.63;175.7;0.146;0.0
BTCI11;Títulos e Val. Mob.;8.25;0.1321;0.1326;0.84;821050000.0;1960210.0;0;0.0;0.0;0.0;0.0
BTCR11;Títulos e Val. Mob.;88.0;0.12480000000000001;0.0;0.92;423289000.0;0.0;0;0.0;0.0;0.0;0.0
BTHF11;Híbrido;7.1;0.039900000000000005;0.027000000000000003;0.72;1461510000.0;5482530.0;0;0.0;0.0;0.0;0.0
BTHI11;Hotel;40.15;0.09050000000000001;0.0959;0.59;370123000.0;43428.0;14;6517.39;673.96;0.10339999999999999;0.0
BTLG11;Híbrido;94.3;0.0669;0.0981;0.92;4078390000.0;9675880.0;19;5594.47;270.01;0.0483;0.0246
BTML11;Híbrido;111.28;0.1015;0.10369999999999999;0.96;126321000.0;0.0;2;22394.7;2369.56;0.1058;0.09699999999999999
BTRA11;Outros;45.13;0.3318;0.0836;0.41;151843000.0;509486.0;6;1.45;0.15;0.10060000000000001;0.0576
BTSG11;Logística;159.05;0.1043;0.0708;1.05;123266000.0;0.0;1;6536.19;740.79;0.1133;0.0
BTSI11;Híbrido;111.6;0.0504;0.07980000000000001;0.94;545609000.0;3.0;3;2552.33;152.35;0.059699999999999996;0.0
BTWR11;Lajes Corporativas;105.49;0.0687;0.0688;0.93;85369900.0;17331.0;1;4273.76;432.53;0.1012;0.08
BTYU11;Híbrido;10.15;0.0259;0.0484;0.98;203000000.0;51684.0;0;0.0;0.0;0.0;0.0
BVAR11;Outros;1442.5;0.0535;0.0596;1.77;902341000.0;35.0;47;8826.1;513.37;0.0582;0.23149999999999998
CACR11;Híbrido;88.18;0.1278;0.18100000000000002;0.93;426467000.0;1820390.0;0;0.0;0.0;0.0;0.0
CARE11;Híbrido;1.34;-0.11460000000000001;0.0;0.19;47931700.0;164363.0;1;0.0;0.0;0.0;0.0
CBOP11;Lajes Corporativas;21.01;0.0726;0.0417;0.29;29729200.0;6067.0;1;1824.76;328.43;0.18;0.534
CCME11;Outros;7.35;0.1096;0.1346;0.73;498308000.0;486407.0;2;4811.7;457.18;0.095;0.0463
CCRF11;Títulos e Val. Mob.;92.5;0.0716;0.0;0.95;145401000.0;0.0;0;0.0;0.0;0.0;0.0
CCVA11;Híbrido;100.07;0.015300000000000001;0.0;0.99;61793200.0;0.0;1;2128.65;33.55;0.0158;0.042
CEOC11;Lajes Corporativas;37.87;0.1368;0.1376;0.52;68760400.0;27233.0;1;4374.28;710.83;0.1625;0.0
CFHI11;Outros;626.2;0.2862;0.2569;0.99;59238500.0;31.0;10;4302.2;0.0;0.0;0.0
CFII11;Híbrido;1000.0;-0.0007000000000000001;0.198;0.82;126319000.0;0.0;7;12497.6;356.71;0.0285;0.0
CJCT11;Lajes Corporativas;53.99;0.0308;0.024900000000000002;0.74;169529000.0;10318.0;1;8761.25;574.62;0.06559999999999999;0.489
CLIN11;Títulos e Val. Mob.;76.7;0.1315;0.1523;0.81;333397000.0;1118980.0;0;0.0;0.0;0.0;0.0
CNES11;Lajes Corporativas;1.08;0.087;0.0861;0.14;36865600.0;41792.0;1;531.38;172.14;0.324;0.594
COPP11;Híbrido;103.0;0.0499;0.0;0.94;290462000.0;0.0;3;5.42;0.25;0.0463;0.18
CORM11;Híbrido;81.0;0.0416;0.0;0.86;87581800.0;0.0;3;7255.09;751.37;0.1036;0.0
CPFF11;Títulos e Val. Mob.;58.04;0.0647;0.1207;0.79;148180000.0;363431.0;0;0.0;0.0;0.0;0.0
CPLG11;Logística;11.19;-0.002;0.0425;1.09;384323000.0;14911700.0;1;483.66;0.76;0.0016;0.0
CPOF11;Híbrido;108.47;0.047400000000000005;0.08539999999999999;0.99;305887000.0;10161000.0;3;5.71;0.25;0.044000000000000004;0.18
CPSH11;Shoppings;8.78;0.052000000000000005;0.1358;0.75;699764000.0;2290220.0;7;830.53;66.82;0.0805;0.0
CPTR11;Títulos e Val. Mob.;6.2;0.2073;0.1465;0.65;256556000.0;1082700.0;0;0.0;0.0;0.0;0.0
CPTS11;Títulos e Val. Mob.;6.21;0.09480000000000001;0.1444;0.73;1973710000.0;8729790.0;0;0.0;0.0;0.0;0.0
CPUR11;Híbrido;10.49;0.0337;0.0286;1.07;603101000.0;7426820.0;12;6717.8;230.97;0.0344;0.0045000000000000005
CRAA11;Títulos e Val. Mob.;84.7;0.047599999999999996;0.15109999999999998;0.84;200725000.0;1152870.0;0;0.0;0.0;0.0;0.0
CRFF11;Títulos e Val. Mob.;62.74;0.11470000000000001;0.1165;0.81;43293100.0;85941.0;0;0.0;0.0;0.0;0.0
CTXT11;Lajes Corporativas;6.02;-0.2559;0.0;0.24;23607000.0;1824.0;1;504.09;9.29;0.0184;1.0
CVBI11;Títulos e Val. Mob.;78.18;0.13949999999999999;0.14400000000000002;0.86;860780000.0;2312710.0;0;0.0;0.0;0.0;0.0
CXAG11;Outros;73.37;0.1183;0.12240000000000001;0.63;153389000.0;142267.0;32;2665.22;354.2;0.1329;0.0
CXCE11;Lajes Corporativas;39.91;0.1334;0.13;0.63;68363800.0;24787.0;1;3226.86;472.62;0.1465;0.0
CXCI11;Títulos e Val. Mob.;65.5;0.1425;0.1366;0.82;134781000.0;166797.0;0;0.0;0.0;0.0;0.0
CXCO11;Lajes Corporativas;56.58;0.1532;0.1427;0.55;222048000.0;141132.0;10;2394.57;408.81;0.1707;0.0
CXRI11;Títulos e Val. Mob.;67.0;0.10640000000000001;0.10439999999999999;0.87;105576000.0;44249.0;0;0.0;0.0;0.0;0.0
CXTL11;Logística;233.35;0.1069;0.10210000000000001;0.57;12506900.0;105268.0;1;1797.21;341.56;0.19010000000000002;0.0
DAMA11;Títulos e Val. Mob.;9.47;0.016399999999999998;0.032400000000000005;0.99;43754900.0;19480.0;0;0.0;0.0;0.0;0.0
DAMT11;Híbrido;8.46;0.0449;0.0;0.61;150417000.0;197.0;1;1887.67;133.93;0.071;0.1105
DCRA11;Títulos e Val. Mob.;7.2;0.1968;0.1725;0.75;48520100.0;120401.0;0;0.0;0.0;0.0;0.0
DEVA11;Títulos e Val. Mob.;28.49;0.2137;0.21239999999999998;0.29;400139000.0;808107.0;0;0.0;0.0;0.0;0.0
DMAC11;Residencial;13.0;-7.585;0.0;2.61;2029400.0;0.0;0;0.0;0.0;0.0;0.0
DOMC11;Híbrido;439.0;0.0033;0.0;4.13;1072830000.0;0.0;2;25600.2;246.27;0.0096;0.1827
DOVL11;Lajes Corporativas;666.3;0.11199999999999999;0.1398;1.02;44246300.0;0.0;2;2496.37;555.41;0.2225;0.0
DPRO11;Híbrido;6.0;0.1051;0.1061;0.66;30019300.0;939.0;1;1837.66;245.71;0.13369999999999999;0.0
DRIT11;Lajes Corporativas;70.01;0.09050000000000001;0.1723;0.54;32434000.0;10432.0;4;5410.0;628.08;0.1161;0.0
DVFF11;Títulos e Val. Mob.;6.22;0.0337;0.13449999999999998;0.78;68479100.0;29288.0;0;0.0;0.0;0.0;0.0
EDFO11;Lajes Corporativas;138.25;0.1557;0.1448;0.66;32627000.0;5447.0;1;92401.1;15601.22;0.16879999999999998;1.0005
EDGA11;Lajes Corporativas;16.24;0.0479;0.057;0.25;61907800.0;24182.0;1;2379.82;256.91;0.10800000000000001;0.2498
EGAF11;Títulos e Val. Mob.;83.02;0.1483;0.166;0.84;260012000.0;721967.0;0;0.0;0.0;0.0;0.0
ELDO11B;Shoppings;1104.31;0.09960000000000001;0.042;0.66;869375000.0;0.0;1;11418.5;1368.92;0.1199;0.0132
EQIN11;Títulos e Val. Mob.;93.5;0.0131;0.0;9.72;1428810000.0;0.0;0;0.0;0.0;0.0;0.0
EQIR11;Títulos e Val. Mob.;7.43;0.11810000000000001;0.1472;0.8;81056200.0;134198.0;0;0.0;0.0;0.0;0.0
ERCR11;Híbrido;76000.0;-0.0002;0.0;2.86;180576000.0;0.0;0;0.0;0.0;0.0;0.0
ERPA11;Lajes Corporativas;134.0;0.0708;0.0726;0.84;67123600.0;3461.0;1;19877.3;1581.46;0.0796;0.0
EURO11;Logística;222.0;0.1059;0.102;0.67;85233800.0;30738.0;7;719.74;84.5;0.1174;0.0
EVBI11;Híbrido;9.5;0.037200000000000004;0.0716;0.97;546183000.0;0.0;12;6083.81;230.97;0.038;0.0045000000000000005
EXES11;Títulos e Val. Mob.;9.4;0.09480000000000001;0.1177;0.98;66791200.0;14535.0;0;0.0;0.0;0.0;0.0
FAED11;Outros;132.48;0.1371;0.1399;0.6;91726100.0;54647.0;4;2002.16;290.59;0.1451;0.0
FAMB11;Lajes Corporativas;775.0;-0.0482;0.6001;0.42;94967000.0;145283.0;1;1562.92;56.74;0.0363;0.8931
FATN11;Híbrido;77.52;0.0983;0.1303;0.78;279755000.0;693463.0;51;20691.0;2060.63;0.09960000000000001;0.0461
FCFL11;Outros;106.97;0.0959;0.0947;0.87;371615000.0;323852.0;1;11907.5;1194.0;0.1003;0.0
FEXC11;Títulos e Val. Mob.;83.5;0.0131;0.0;8.47;8310020000.0;0.0;0;0.0;0.0;0.0;0.0
FFCI11;Lajes Corporativas;182.03;0.029500000000000002;0.0;0.9;671817000.0;0.0;9;17292.3;1142.82;0.0661;0.0177
FGAA11;Híbrido;7.57;0.1563;0.1629;0.79;341267000.0;1151370.0;0;0.0;0.0;0.0;0.0
FIGS11;Shoppings;42.5;0.12300000000000001;0.1204;0.56;121125000.0;139601.0;2;1863.77;245.23;0.1316;0.057800000000000004
FIIB11;Híbrido;492.9;0.0897;0.08650000000000001;1.03;337637000.0;243469.0;11;608.27;60.99;0.1003;0.0
FIIP11;Híbrido;137.87;0.1292;0.1234;0.69;127828000.0;554940.0;7;1835.76;264.05;0.1438;0.0
FISC11;Lajes Corporativas;65.0;0.0653;0.07519999999999999;0.57;110500000.0;10423.0;4;8766.18;803.96;0.0917;0.0
FISD11;Títulos e Val. Mob.;203.32;-0.21059999999999998;0.0;3.41;218079000.0;0.0;1;0.0;0.0;0.0;0.0
FIXX11;Títulos e Val. Mob.;85.78;0.0701;0.0;1.48;321608000.0;0.0;0;0.0;0.0;0.0;0.0
FLCR11;Títulos e Val. Mob.;97.82;0.1549;0.1423;1.05;61979100.0;107327.0;0;0.0;0.0;0.0;0.0
FLFL11;Híbrido;100.0;0.009399999999999999;0.0096;0.7;345426000.0;0.0;1;30136.7;2396.21;0.0795;0.125
FLMA11;Híbrido;125.0;0.0973;0.0999;0.57;172584000.0;64117.0;2;14932.3;1830.75;0.1226;0.0
FLRP11;Shoppings;1840.0;0.084;0.0873;0.91;133400000.0;18026.0;1;2608.28;238.08;0.0913;0.0105
FMOF11;Lajes Corporativas;36.03;0.0365;0.0473;0.31;18303500.0;1542.0;2;1085.96;166.39;0.1532;0.1723
FPAB11;Lajes Corporativas;185.0;0.0601;0.062400000000000004;0.52;138750000.0;5658.0;2;3812.27;362.02;0.095;0.261
FPNG11;Lajes Corporativas;285.0;0.0124;0.0044;1.66;744408000.0;320.0;8;52871.6;1166.49;0.022099999999999998;0.0097
FRBR11;Títulos e Val. Mob.;103.71;0.08869999999999999;0.0;1.11;1324330000.0;0.0;0;0.0;0.0;0.0;0.0
FTCE11;Híbrido;2834.82;-0.0059;0.0319;1.01;3376560000.0;0.0;79;1827.73;45.81;0.025099999999999997;0.0001
FVBI11;Lajes Corporativas;159.71;0.0;0.0;0.0;0.0;0.0;1;0.0;636.95;0.0;0.0
FVPQ11;Shoppings;47.51;0.166;0.1422;0.27;133035000.0;122174.0;1;2320.48;852.69;0.3675;0.131
FZDA11;Outros;128.99;0.008;0.008100000000000001;0.75;199934000.0;56100.0;6;2.29;0.03;0.0149;0.0
FZDB11;Outros;123.95;0.0327;0.0305;0.74;446220000.0;2960.0;16;3.25;0.13;0.0388;0.0
GALG11;Híbrido;9.08;0.0571;0.0092;0.98;1338920000.0;0.0;4;324.92;30.58;0.0941;0.0
GAME11;Outros;8.02;0.1003;0.1332;0.87;174015000.0;96500.0;0;0.0;0.0;0.0;0.0
GARE11;Híbrido;7.87;0.0659;0.1222;0.85;1160500000.0;6500440.0;4;281.62;30.58;0.10859999999999999;0.0
GCFF11;Títulos e Val. Mob.;69.3;0.1204;0.0;0.89;24981100.0;0.0;0;0.0;0.0;0.0;0.0
GCOI11;Híbrido;98.99;-0.021400000000000002;0.0;1.05;11185900.0;3030.0;5;5870.69;0.0;0.0;0.0
GCRA11;Títulos e Val. Mob.;47.05;0.1986;0.1801;0.56;82378200.0;181804.0;0;0.0;0.0;0.0;0.0
GCRI11;Títulos e Val. Mob.;58.9;0.14150000000000001;0.17809999999999998;0.67;85632300.0;144179.0;1;734.1;0.0;0.0;0.0
GESE11B;Outros;1520.0;0.1139;0.0;1.36;79040000.0;0.0;1;0.0;725.37;0.0;0.0
GGRC11;Logística;9.35;0.09369999999999999;0.08310000000000001;0.83;989255000.0;2374980.0;13;1187.07;144.15;0.12140000000000001;0.0
GLOG11;Logística;50.0;0.2054;0.1216;0.46;37500000.0;26674.0;1;522.49;134.42;0.25730000000000003;0.0
GRLV11;Logística;145.5;0.0572;0.0;24.38;156199000.0;0.0;1;0.0;183.0;0.0;0.0369
GRWA11;Títulos e Val. Mob.;8.58;0.11349999999999999;0.152;0.86;23667800.0;13333.0;0;0.0;0.0;0.0;0.0
GSFI11;Shoppings;7.03;0.0;0.0;0.55;675630000.0;2165100.0;0;0.0;0.0;0.0;0.0
GTLG11;Logística;63.99;0.1375;0.0;0.7;459000000.0;0.0;5;2714.27;318.12;0.11720000000000001;0.0169
GTWR11;Lajes Corporativas;69.5;0.1402;0.1355;0.7;834000000.0;949559.0;3;5026.62;758.77;0.1509;0.0
GURB11;Híbrido;108.0;0.10460000000000001;0.0;0.94;122597000.0;0.0;2;21734.6;2369.56;0.109;0.09699999999999999
GWIR11;Shoppings;175.99;0.027999999999999997;0.0;0.74;67231200.0;0.0;0;0.0;0.0;0.0421;0.0
GZIT11;Híbrido;38.0;-0.0031;0.24239999999999998;0.42;829967000.0;466488.0;4;8265.07;1302.24;0.1576;0.030699999999999998
HAAA11;Lajes Corporativas;25.55;0.1074;0.07769999999999999;0.34;88275200.0;521.0;2;6744.15;1132.37;0.1679;0.1741
HABT11;Títulos e Val. Mob.;71.69;0.1568;0.16870000000000002;0.77;582609000.0;1291010.0;0;0.0;0.0;0.0;0.0
HBCR11;Outros;138.0;0.0779;0.1465;1.1;220800000.0;5385770.0;2;2172.42;430.16;0.198;0.0
HBRH11;Híbrido;90.8;0.0519;0.0055000000000000005;0.81;256345000.0;0.0;5;8348.44;612.19;0.0733;0.028300000000000002
HBTT11;Títulos e Val. Mob.;1055.0;0.0653;0.0;1.19;190126000.0;0.0;0;0.0;0.0;0.0;0.0
HCHG11;Outros;71.5;0.10619999999999999;0.1332;0.76;85800000.0;142990.0;0;0.0;0.0;0.0;0.0
HCRI11;Hospital;254.34;0.1282;0.1197;0.79;50868000.0;30950.0;1;9217.43;1248.72;0.1355;0.0
HCTR11;Títulos e Val. Mob.;22.83;0.1967;0.2076;0.21;504182000.0;1451000.0;0;0.0;0.0;0.0;0.0
HDEL11;Logística;98.5;0.20929999999999999;0.1957;2.4;82740000.0;4658.0;0;0.0;0.0;0.044000000000000004;0.0
HFOF11;Títulos e Val. Mob.;53.99;0.1249;0.13470000000000001;0.81;1244170000.0;2500760.0;0;0.0;0.0;0.0;0.0
HGAG11;Outros;9.2;0.1025;0.19699999999999998;0.39;2283920.0;2006.0;0;0.0;0.0;0.0;0.0
HGBL11;Logística;8.87;0.0137;0.0999;0.91;108511000.0;564721.0;1;1528.28;39.49;0.0258;0.0
HGBS11;Shoppings;177.02;0.09179999999999999;0.11259999999999999;0.82;2253430000.0;3200270.0;15;4178.92;383.83;0.09179999999999999;0.0524
HGCR11;Títulos e Val. Mob.;89.39;0.12869999999999998;0.081;0.9;1378220000.0;3530130.0;0;0.0;0.0;0.0;0.0
HGFF11;Títulos e Val. Mob.;66.01;0.11;0.0802;0.76;189026000.0;380118.0;0;0.0;0.0;0.0;0.0
HGIC11;Títulos e Val. Mob.;75.72;0.1008;0.1471;0.7;35036100.0;4551.0;2;1781.18;0.0;0.0;0.0
HGJH11;Lajes Corporativas;191.29;0.0955;0.0;0.55;335342000.0;0.0;2;26273.6;2781.84;0.1059;0.0342
HGLG11;Logística;152.25;0.06860000000000001;0.0558;0.97;5144160000.0;8279640.0;26;3243.17;232.27;0.0716;0.0643
HGPO11;Lajes Corporativas;126.49;0.1445;0.0385;0.37;221744000.0;533526.0;2;17373.3;2781.84;0.16010000000000002;0.0342
HGRE11;Lajes Corporativas;99.05;0.0719;0.0676;0.65;1170550000.0;1549030.0;16;6268.44;668.85;0.1067;0.2634
HGRU11;Híbrido;111.55;0.0857;0.061200000000000004;0.89;2053240000.0;6173490.0;68;4001.38;421.21;0.10529999999999999;0.0097
HILG11;Outros;198.61;0.084;0.0483;0.96;104519000.0;0.0;1;3144.36;328.57;0.1045;0.0
HLOG11;Logística;80.15;0.0697;0.06480000000000001;0.73;340638000.0;248283.0;4;1841.81;198.49;0.10779999999999999;0.0
HMOC11;Shoppings;226.95;0.0217;0.0;0.95;86698800.0;0.0;0;0.0;0.0;0.0327;0.0
HOFC11;Lajes Corporativas;26.99;0.0305;0.0155;0.41;101995000.0;410030.0;4;2417.51;432.6;0.1789;0.5271
HOSI11;Híbrido;85.49;0.09939999999999999;0.0981;0.93;49024200.0;113973.0;2;0.0;0.0;0.0;0.0
HPDP11;Shoppings;87.98;0.0703;0.0722;0.94;289278000.0;7925.0;1;2120.57;160.21;0.0755;0.0147
HRDF11;Híbrido;3.0;0.018500000000000003;0.0;0.39;4552280.0;7348.0;0;0.0;0.0;0.0;0.0
HREC11;Títulos e Val. Mob.;7.51;0.1276;0.1265;0.88;388161000.0;247700.0;0;0.0;0.0;0.0;0.0
HRES11;Híbrido;149.25;0.1243;0.1073;1.21;69885100.0;0.0;0;0.0;0.0;0.0;0.0
HSAF11;Títulos e Val. Mob.;71.15;0.1555;0.1514;0.82;179751000.0;564275.0;0;0.0;0.0;0.0;0.0
HSLG11;Logística;72.24;0.12300000000000001;0.12179999999999999;0.7;914563000.0;606477.0;5;2221.1;278.3;0.1253;0.0
HSML11;Shoppings;73.28;0.0915;0.1292;0.67;1524850000.0;4901550.0;8;6759.98;872.73;0.1291;0.0401
HSRE11;Híbrido;101.1;0.069;0.0999;1.11;899661000.0;3756740.0;24;7313.26;632.41;0.08650000000000001;0.0
HTMX11;Hotel;158.0;0.024;0.1567;1.16;456319000.0;1521630.0;21;5012.56;467.99;0.0934;0.0
HUCG11;Logística;102.67;0.0019;0.0;1.0;115196000.0;2047.0;2;3975.03;0.0;0.0;0.0
HUSC11;Outros;91.01;0.1207;0.11449999999999999;0.6;77433200.0;6712.0;1;1040.33;153.42;0.1475;0.0
HUSI11;Hospital;1230.0;0.0819;0.0793;0.99;143125000.0;30.0;1;7005.87;619.16;0.08839999999999999;0.0
IAAG11;Títulos e Val. Mob.;7.71;0.1014;0.1527;0.8;80601700.0;130775.0;0;0.0;0.0;0.0;0.0
IAGR11;Outros;3.2;0.0067;0.0711;0.5;8953410.0;14927.0;0;0.0;0.0;0.0;0.0
IBCR11;Títulos e Val. Mob.;55.43;0.1261;0.1821;0.62;53125400.0;110556.0;0;0.0;0.0;0.0;0.0
IBFF11;Títulos e Val. Mob.;66.4;0.0828;0.0;0.93;44267600.0;0.0;0;0.0;0.0;0.0;0.0
ICRI11;Títulos e Val. Mob.;81.79;0.0876;0.1389;0.83;315493000.0;1444780.0;0;0.0;0.0;0.0;0.0
IDFI11;Títulos e Val. Mob.;2.0;0.1641;4.5426;0.46;4115850.0;0.0;2;0.0;0.0;0.0;0.0
IDGR11;Híbrido;1.5;0.1023;4.7277;16.7;1325040.0;445.0;1;0.0;0.0;0.0;0.0
IFID11;Títulos e Val. Mob.;80.06;0.12990000000000002;0.0;1.2;59897000.0;0.0;0;0.0;0.0;0.0;0.0
IFIE11;Títulos e Val. Mob.;71.98;0.1537;0.0;1.0;64817600.0;0.0;0;0.0;0.0;0.0;0.0
INLG11;Logística;67.39;0.13849999999999998;0.047;0.67;304071000.0;313332.0;5;2510.32;375.13;0.1494;0.0084
INRD11;Residencial;65.73;0.1533;0.036000000000000004;0.56;74321300.0;192999.0;5;2828.06;608.7;0.2152;0.051699999999999996
IRDM11;Títulos e Val. Mob.;62.11;0.15109999999999998;0.1481;0.77;2262910000.0;3272500.0;0;0.0;0.0;0.0;0.0
IRIM11;Híbrido;62.37;0.1605;0.158;0.75;119750000.0;120483.0;0;0.0;0.0;0.0;0.0
ISCJ11;Títulos e Val. Mob.;99.18;0.0518;0.0362;0.72;31139500.0;5.0;0;0.0;0.0;0.0;0.0
ITIP11;Títulos e Val. Mob.;66.97;0.1553;0.1225;1.0;50103700.0;62183.0;0;0.0;0.0;0.0;0.0
ITIT11;Títulos e Val. Mob.;65.15;0.1698;0.11220000000000001;0.9;58667200.0;83088.0;0;0.0;0.0;0.0;0.0
ITRI11;Híbrido;68.0;0.0708;0.1024;0.78;425000000.0;1993130.0;0;0.0;0.0;0.0;0.0
JASC11;Híbrido;100.19;0.0665;0.0724;0.89;349597000.0;147812.0;16;3436.27;304.15;0.0885;0.0
JBFO11;Títulos e Val. Mob.;82.01;0.0902;0.0199;1.04;104897000.0;0.0;0;0.0;0.0;0.0;0.0
JCCJ11;Títulos e Val. Mob.;158.0;0.0319;0.0331;0.89;263624000.0;2901740.0;0;0.0;0.0;0.0;0.0
JCIN11;Títulos e Val. Mob.;150.0;0.0462;0.028399999999999998;1.01;197658000.0;7234840.0;0;0.0;0.0;0.0;0.0
JFLL11;Residencial;72.5;0.1436;0.1001;0.67;108793000.0;287048.0;2;7386.16;1276.89;0.1729;0.09
JGPX11;Híbrido;52.24;0.2434;0.2229;0.57;111859000.0;312020.0;0;0.0;0.0;0.0;0.0
JPPA11;Híbrido;75.43;0.16649999999999998;0.16269999999999998;0.79;68192500.0;116776.0;0;0.0;0.0;0.0;0.0
JPPC11;Híbrido;200.0;-0.04019999999999999;0.2214;0.67;11000000.0;106.0;0;0.0;0.0;0.0;0.0
JRDM11;Shoppings;85.9;0.0797;0.0;0.96;216723000.0;0.0;1;7394.68;671.49;0.0908;0.011899999999999999
JSAF11;Títulos e Val. Mob.;6.58;0.09210000000000002;0.17309999999999998;0.78;510103000.0;1889350.0;0;0.0;0.0;0.0;0.0
JSCR11;Títulos e Val. Mob.;7.16;0.0;0.011000000000000001;0.07;15850200.0;809124.0;0;0.0;0.0;0.0;0.0
JSRE11;Híbrido;53.74;0.1009;0.1057;0.53;1116040000.0;1860500.0;6;9566.02;1113.81;0.1164;0.0705
KCRE11;Títulos e Val. Mob.;7.9;0.1506;0.1398;0.86;284400000.0;680101.0;0;0.0;0.0;0.0;0.0
KDOL11;Títulos e Val. Mob.;97.35;0.0003;0.015;0.86;65320100.0;286240.0;0;0.0;0.0;0.0;0.0
KEVE11;Residencial;898.98;0.0027;0.0104;1.3;132780000.0;36965.0;1;0.0;0.0;0.0;0.0
KFOF11;Títulos e Val. Mob.;68.3;0.0904;0.0872;0.75;479095000.0;1876090.0;0;0.0;0.0;0.0;0.0
KINP11;Residencial;9.82;0.0;0.0;0.0;0.0;0.0;1;0.0;0.0;0.0;0.0
KISU11;Títulos e Val. Mob.;6.54;0.214;0.13;0.86;289042000.0;716401.0;0;0.0;0.0;0.0;0.0
KIVO11;Títulos e Val. Mob.;58.6;0.1693;0.1974;0.67;130252000.0;943474.0;0;0.0;0.0;0.0;0.0
KNCA11;Títulos e Val. Mob.;83.94;0.1367;0.14880000000000002;0.83;1813100000.0;5180380.0;0;0.0;0.0;0.0;0.0
KNCR11;Títulos e Val. Mob.;102.0;0.08650000000000001;0.1142;1.0;7802610000.0;17404600.0;0;0.0;0.0;0.0;0.0
KNHF11;Híbrido;77.14;0.08990000000000001;0.0876;0.78;1516820000.0;4812090.0;2;19263.3;312.25;0.016200000000000003;0.0
KNHY11;Títulos e Val. Mob.;94.5;0.081;0.1375;0.96;2662020000.0;5082760.0;0;0.0;0.0;0.0;0.0
KNIP11;Títulos e Val. Mob.;85.89;0.1444;0.1215;0.95;6877920000.0;10162900.0;0;0.0;0.0;0.0;0.0
KNRE11;Residencial;0.19;-0.5282;0.0;0.23;3523960.0;3105.0;0;0.0;0.0;0.0;0.0
KNRI11;Híbrido;131.0;0.0771;0.0909;0.81;3694730000.0;6118070.0;20;4598.08;352.22;0.0766;0.0013
KNSC11;Títulos e Val. Mob.;8.13;0.0584;0.1252;0.94;1643910000.0;7025690.0;0;0.0;0.0;0.0;0.0
KNUQ11;Títulos e Val. Mob.;99.09;0.0712;0.1268;0.98;1517320000.0;5159760.0;0;0.0;0.0;0.0;0.0
KOPA11;Títulos e Val. Mob.;844.44;0.10039999999999999;0.16149999999999998;0.84;299503000.0;583332.0;0;0.0;0.0;0.0;0.0
KORE11;Títulos e Val. Mob.;74.9;0.1096;0.1246;0.71;720913000.0;2663990.0;4;11556.0;855.02;0.07400000000000001;0.0172
LAFI11;Híbrido;110.45;0.063;0.0774;1.02;62707100.0;20150.0;1;8.97;0.62;0.069;0.0
LASC11;Shoppings;109.99;0.0321;0.0649;0.77;323403000.0;1867130.0;2;15431.4;1364.23;0.08839999999999999;0.0264
LATR11B;Residencial;9.51;-0.1636;0.0;0.9;1180230.0;0.0;0;0.0;0.0;0.0;0.0
LFTT11;Residencial;7.5;-0.3457;0.0;0.39;24487500.0;15375.0;76;3256.02;1.38;0.0004;0.0
LGCP11;Logística;82.95;0.1125;0.0692;0.82;374279000.0;0.0;5;3089.94;375.13;0.12140000000000001;0.0084
LIFE11;Outros;8.77;0.0984;0.17859999999999998;0.89;301413000.0;772382.0;0;0.0;0.0;0.0;0.0
LLAO11;Híbrido;64.58;-0.0768;0.0;1.09;23322400.0;3938.0;14;5761.06;0.0;0.0;0.0
LOFT11B;Residencial;29.9;-0.016200000000000003;0.0;11.0;58678800.0;0.0;4;69906.0;93.59;0.0013;0.0
LPLP11;Residencial;500.0;0.10949999999999999;0.4495;1.7;249255000.0;0.0;0;0.0;0.0;0.0;0.0
LSAG11;Títulos e Val. Mob.;65.4;0.1813;0.20559999999999998;0.67;66010400.0;87073.0;0;0.0;0.0;0.0;0.0
LSPA11;Outros;24.01;1.7519999999999998;0.9256;1.15;9712040.0;551.0;0;0.0;0.0;0.0;0.0
LTMT11;Residencial;95.68;0.0604;0.0799;1.0;11956200.0;8357.0;0;0.0;0.0;0.0;0.0
LUGG11;Residencial;72.82;0.1384;0.061500000000000006;0.62;82338000.0;0.0;5;3133.11;608.7;0.1943;0.051699999999999996
LVBI11;Logística;91.77;0.0989;0.1152;0.74;1479200000.0;3701910.0;10;2676.29;305.47;0.11410000000000001;0.0045000000000000005
MALL11;Híbrido;93.57;0.2341;0.1063;0.77;1214070000.0;2219160.0;11;3609.02;660.4;0.183;0.0364
MANA11;Títulos e Val. Mob.;7.9;0.0562;0.1559;0.87;296536000.0;1424170.0;0;0.0;0.0;0.0;0.0
MATV11;Títulos e Val. Mob.;86.63;0.1142;0.0;0.92;36901600.0;0.0;0;0.0;0.0;0.0;0.0
MAXR11;Híbrido;58.91;0.1393;0.3456;0.57;66312300.0;57623.0;8;1042.47;140.72;0.135;0.2323
MBRF11;Outros;679.0;0.0513;0.0;0.98;69029900.0;0.0;2;3831.32;128.64;0.0336;0.8198000000000001
MCCI11;Títulos e Val. Mob.;74.11;0.1265;0.1283;0.83;1256910000.0;2408030.0;0;0.0;0.0;0.0;0.0
MCEM11;Títulos e Val. Mob.;110.0;-0.0022;0.0;1.85;158935000.0;1204.0;0;0.0;0.0;0.0;0.0
MCHF11;Títulos e Val. Mob.;9.05;0.1176;0.0154;0.87;292806000.0;0.0;3;0.0;0.0;0.0;0.0
MCHY11;Títulos e Val. Mob.;8.58;0.0886;0.12560000000000002;0.84;957519000.0;0.0;1;1428.83;44.58;0.031200000000000002;0.35850000000000004
MCRE11;Títulos e Val. Mob.;7.51;0.1013;0.0394;0.74;838108000.0;4407140.0;1;1250.65;44.58;0.0356;0.35850000000000004
MFAI11;Híbrido;69.98;0.0;0.0571;0.0;0.0;0.0;0;0.0;0.0;0.0;0.0
MFCR11;Híbrido;24.6;0.0;0.217;0.0;0.0;0.0;0;0.0;0.0;0.0;0.0
MFII11;Híbrido;81.0;0.051399999999999994;0.1757;0.77;422204000.0;1042240.0;4;165.01;0.0;0.0;0.0
MGCR11;Títulos e Val. Mob.;9.4;0.11109999999999999;0.0;0.96;126115000.0;0.0;0;0.0;0.0;0.0;0.0
MGFF11;Títulos e Val. Mob.;69.99;0.0;0.0;0.0;0.0;0.0;0;0.0;0.0;0.0;0.0
MGHT11;Híbrido;14.0;0.3193;0.2126;0.28;18393000.0;36075.0;1;1794.25;793.45;0.4422;0.0
MGIM11;Híbrido;101.5;-0.023799999999999998;0.0;1.03;25101000.0;0.0;0;0.0;0.0;0.0;0.0
MGLG11;Híbrido;40.99;0.054299999999999994;0.0;0.91;103703000.0;0.0;6;3132.38;66.85;0.0213;0.0872
MINT11;Outros;96.5;0.1323;0.19879999999999998;0.99;50180000.0;0.0;3;0.0;532.36;0.0;0.0
MMPD11;Outros;110.61;0.0762;0.091;1.02;58678300.0;0.0;0;0.0;0.0;0.0;0.0
MORC11;Títulos e Val. Mob.;89.87;0.12369999999999999;0.0138;0.92;171455000.0;0.0;0;0.0;0.0;0.0;0.0
MORE11;Títulos e Val. Mob.;76.21;0.0604;0.0;0.88;176740000.0;0.0;0;0.0;0.0;0.0;0.0
MXRF11;Híbrido;9.21;0.08960000000000001;0.12560000000000002;1.02;4027770000.0;16563600.0;3;99020.3;0.0;0.0;0.0
NAVT11;Títulos e Val. Mob.;64.5;0.1348;0.1822;0.84;39492200.0;152433.0;0;0.0;0.0;0.0;0.0
NCHB11;Títulos e Val. Mob.;7.39;0.1663;0.1642;0.77;112929000.0;156661.0;0;0.0;0.0;0.0;0.0
NCRA11;Títulos e Val. Mob.;7.04;0.24230000000000002;0.17170000000000002;0.67;31398100.0;71135.0;0;0.0;0.0;0.0;0.0
NCRI11;Títulos e Val. Mob.;7.9;0.1456;0.145;0.81;31205000.0;2198.0;0;0.0;0.0;0.0;0.0
NEWL11;Híbrido;94.2;0.1928;0.12119999999999999;0.72;265400000.0;1003220.0;3;2758.09;487.38;0.17670000000000002;0.0
NEWU11;Híbrido;76.18;0.0187;0.013600000000000001;1.07;56525600.0;317417.0;3;4033.0;434.94;0.10779999999999999;0.4702
NEXG11;Outros;127.5;0.0113;0.0758;1.29;89058800.0;126780.0;0;0.0;0.0;0.0;0.0
NPAR11;Outros;12.82;2.1332;0.0;0.7;1533140.0;0.0;0;0.0;0.0;0.0;0.0
NSLU11;Hospital;144.57;0.1313;0.1284;0.7;186970000.0;266852.0;1;7746.94;1071.48;0.1383;0.0
NVHO11;Hospital;10.93;0.1444;0.09230000000000001;0.66;453535000.0;1694.0;4;14747.6;2192.84;0.1487;0.0
OBAL11;Residencial;1213.19;-0.0379;0.1864;1.09;171398000.0;0.0;7;15009.8;0.0;0.0;0.0
OCRE11;Títulos e Val. Mob.;95.97;0.0757;0.09480000000000001;1.04;40594000.0;10695.0;0;0.0;0.0;0.0;0.0
OGHY11;Títulos e Val. Mob.;8.72;0.0732;0.0;0.92;23678100.0;0.0;0;0.0;0.0;0.0;0.0
OIAG11;Títulos e Val. Mob.;7.31;0.1555;0.1607;0.74;66031200.0;156798.0;0;0.0;0.0;0.0;0.0
ONEF11;Lajes Corporativas;200.03;0.0608;0.0;1.09;182227000.0;0.0;0;0.0;0.0;0.0;0.0
ORPD11;Títulos e Val. Mob.;93.0;0.0;0.0;0.65;26970000.0;0.0;0;0.0;0.0;0.0;0.0
OUCY11;Híbrido;88.5;0.0;0.0;0.0;0.0;0.0;8;0.0;161.02;0.0;0.0
OUFF11;Títulos e Val. Mob.;61.1;0.0;0.07400000000000001;0.0;0.0;0.0;0;0.0;0.0;0.0;0.0
OUJP11;Híbrido;67.97;0.1612;0.1589;0.7;221065000.0;409955.0;0;0.0;0.0;0.0;0.0
OULG11;Logística;35.01;0.1229;0.0298;0.57;86869800.0;411851.0;2;1172.17;206.48;0.17620000000000002;0.0
OURE11;Híbrido;78.2;0.0;0.0814;0.0;0.0;0.0;8;0.0;161.02;0.0;0.0
PATA11;Outros;10.44;0.0127;0.0;1.05;17769000.0;24532.0;0;0.0;0.0;0.0;0.0
PATC11;Lajes Corporativas;36.0;0.046799999999999994;0.0417;0.87;125188000.0;850216.0;4;16034.8;1087.31;0.0678;0.0
PATL11;Logística;44.11;0.1493;0.1561;0.46;220177000.0;432184.0;4;1416.22;257.96;0.1821;0.0273
PDDA11B;Logística;106.5;0.0404;0.0;1.73;264257000.0;0.0;2;3565.74;206.48;0.0579;0.0
PEMA11;Títulos e Val. Mob.;35.0;0.22039999999999998;0.15810000000000002;0.53;19320000.0;216.0;0;0.0;0.0;0.0;0.0
PLCA11;Títulos e Val. Mob.;65.4;0.2644;0.16620000000000001;0.69;36429000.0;90267.0;0;0.0;0.0;0.0;0.0
PLCR11;Títulos e Val. Mob.;71.82;0.198;0.12990000000000002;0.8;151481000.0;267868.0;0;0.0;0.0;0.0;0.0
PLOG11;Logística;66.71;0.154;0.0;0.62;50032500.0;0.0;1;697.1;134.42;0.1928;0.0
PLRI11;Títulos e Val. Mob.;14.7;-0.037200000000000004;0.4843;0.73;14028300.0;1759.0;0;0.0;0.0;0.0;0.0
PMFO11;Títulos e Val. Mob.;90.22;0.022400000000000003;0.1131;1.09;88046300.0;0.0;0;0.0;0.0;0.0;0.0
PMIS11;Títulos e Val. Mob.;7.12;0.1008;0.1514;0.79;105399000.0;321446.0;0;0.0;0.0;0.0;0.0
PNCR11;Residencial;68.65;-0.0037;0.1065;1.17;34325000.0;45.0;1;27017.4;0.0;0.0;0.0
PNDL11;Títulos e Val. Mob.;1150.0;-0.0024;0.0;1.07;165982000.0;670825.0;0;0.0;0.0;0.0;0.0
PNPR11;Híbrido;56.45;0.11410000000000001;0.028300000000000002;1.06;50681800.0;372881.0;1;4113.21;480.97;0.11689999999999999;0.0
PNRC11;Híbrido;105.95;0.0679;0.11630000000000001;1.4;43450100.0;0.0;3;12302.8;0.0;0.0;0.0
PORD11;Títulos e Val. Mob.;7.46;0.1378;0.1454;0.79;278137000.0;647241.0;0;0.0;0.0;0.0;0.0
PQAG11;Logística;54.5;0.10279999999999999;0.1003;0.95;762558000.0;241074.0;1;12073.7;1190.96;0.0986;0.0
PQDP11;Shoppings;2090.0;0.15460000000000002;0.0722;0.63;210172000.0;473893.0;1;1614060.0;222212.87;0.1377;0.015
PRSN11;Residencial;1.67;-0.1818;0.3003;0.5;5396180.0;514.0;2;10513.5;0.0;0.0;0.0
PRSV11;Lajes Corporativas;43.78;-0.3065;0.0;0.28;9155270.0;2255.0;1;908.26;0.0;0.0;1.0
PULV11;Títulos e Val. Mob.;8.6;0.0816;0.0208;0.87;103202000.0;28866.0;0;0.0;0.0;0.0;0.0
PURB11;Híbrido;95.1;0.1188;0.0;0.82;107954000.0;0.0;2;19138.5;2369.56;0.12380000000000001;0.09699999999999999
PVBI11;Lajes Corporativas;71.61;0.085;0.1033;0.69;1942780000.0;4925840.0;7;18846.3;1644.78;0.0873;0.1573
QAGR11;Outros;41.0;0.1301;0.1276;0.69;206640000.0;870269.0;12;1459.66;215.09;0.1474;0.0
QAMI11;Títulos e Val. Mob.;84.68;0.24530000000000002;0.0;0.91;67862400.0;0.0;0;0.0;0.0;0.0;0.0
QIFF11;Títulos e Val. Mob.;97.49;0.07629999999999999;0.0;1.09;14623500.0;0.0;0;0.0;0.0;0.0;0.0
QIRI11;Títulos e Val. Mob.;78.04;0.0953;0.0;0.87;11706000.0;0.0;0;0.0;0.0;0.0;0.0
QMFF11;Títulos e Val. Mob.;98.52;0.0755;0.0;1.1;14778000.0;0.0;0;0.0;0.0;0.0;0.0
RBBV11;Títulos e Val. Mob.;100.0;0.06509999999999999;0.0;0.99;125416000.0;0.0;0;0.0;0.0;0.0;0.0
RBCO11;Lajes Corporativas;44.0;0.1233;0.0839;0.49;166276000.0;144616.0;4;3812.31;614.84;0.1613;0.0
RBDS11;Residencial;2.36;-0.6496;0.0;0.13;298594.0;228.0;0;0.0;0.0;0.0;0.0
RBED11;Outros;94.32;0.1677;0.22820000000000001;0.84;222126000.0;226204.0;7;0.0;398.61;0.0;0.0
RBFF11;Títulos e Val. Mob.;45.38;0.1325;0.1331;0.78;170139000.0;765709.0;0;0.0;0.0;0.0;0.0
RBGS11;Shoppings;28.45;0.033;0.0;0.31;30669100.0;0.0;1;1051.57;52.68;0.0501;0.11939999999999999
RBHG11;Títulos e Val. Mob.;66.1;0.12560000000000002;0.1616;0.77;143302000.0;436529.0;0;0.0;0.0;0.0;0.0
RBHY11;Títulos e Val. Mob.;76.57;0.12359999999999999;0.1567;0.83;144986000.0;234949.0;0;0.0;0.0;0.0;0.0
RBIR11;Residencial;78.8;-0.004699999999999999;0.0529;0.81;120455000.0;91463.0;0;0.0;0.0;0.0;0.0
RBIV11;Títulos e Val. Mob.;83.7;0.0992;0.0;0.97;181458000.0;0.0;0;0.0;0.0;0.0;0.0
RBLG11;Logística;56.72;0.1734;0.1467;0.83;36312100.0;3114.0;1;342.89;31.37;0.0915;0.0
RBOP11;Outros;215.01;0.16190000000000002;0.2351;0.31;21858800.0;32065.0;2;1213.21;128.64;0.106;0.8198000000000001
RBRD11;Híbrido;36.97;0.1114;0.0747;0.58;68460500.0;51107.0;4;2492.01;362.99;0.1457;0.2796
RBRF11;Títulos e Val. Mob.;6.29;0.10619999999999999;0.1272;0.77;860520000.0;2797290.0;0;0.0;0.0;0.0;0.0
RBRI11;Híbrido;910.0;0.1648;0.1898;0.9;127095000.0;1390.0;0;0.0;0.0;0.0;0.0
RBRL11;Logística;62.0;0.12300000000000001;0.1334;0.6;414596000.0;402568.0;5;1625.2;256.88;0.15810000000000002;0.0
RBRM11;Títulos e Val. Mob.;160000.0;-0.08410000000000001;0.0;8.16;86240000.0;0.0;0;0.0;0.0;0.0;0.0
RBRP11;Outros;45.38;0.0645;0.1363;0.6;552692000.0;1306220.0;6;8898.14;678.69;0.07629999999999999;0.0
RBRR11;Títulos e Val. Mob.;74.5;0.10890000000000001;0.1338;0.84;1121760000.0;3106790.0;0;0.0;0.0;0.0;0.0
RBRS11;Híbrido;34.75;-0.006999999999999999;0.002;0.37;60266900.0;27049.0;3;5680.34;430.82;0.0758;0.2834
RBRX11;Títulos e Val. Mob.;6.87;0.0944;0.1597;0.73;202450000.0;599943.0;1;7681850.0;0.0;0.0;0.0
RBRY11;Títulos e Val. Mob.;83.5;0.1101;0.1378;0.89;1066250000.0;3212800.0;0;0.0;0.0;0.0;0.0
RBTS11;Outros;408.51;-0.0393;0.061200000000000004;0.86;23091000.0;1688.0;0;0.0;0.0;0.0;0.0
RBVA11;Outros;80.03;0.0907;0.13269999999999998;0.74;1249610000.0;1874060.0;72;6565.31;741.05;0.11289999999999999;0.053899999999999997
RBVO11;Lajes Corporativas;5.33;0.0;1.2421;0.0;0.0;3794.0;0;0.0;0.0;0.0;0.0
RCFF11;Títulos e Val. Mob.;106.0;0.0187;0.20440000000000003;1.07;34259200.0;139.0;0;0.0;0.0;0.0;0.0
RCRB11;Lajes Corporativas;117.5;0.0458;0.0969;0.58;433657000.0;668492.0;9;11162.1;1142.82;0.1024;0.0177
RCRI11B;Híbrido;1200.0;0.043899999999999995;0.0;1.16;61214400.0;0.0;0;0.0;0.0;0.0;0.0
RDES11;Híbrido;58.0;0.0245;0.0;0.81;43036000.0;0.0;3;3070.54;434.94;0.1416;0.4702
RDPD11;Títulos e Val. Mob.;22.96;0.0377;0.0;2.27;172391000.0;0.0;0;0.0;0.0;0.0;0.0
RECR11;Títulos e Val. Mob.;72.54;0.1439;0.1482;0.81;1918080000.0;2700490.0;1;37328.4;0.0;0.0;1.0002
RECT11;Híbrido;28.2;0.16699999999999998;0.15539999999999998;0.31;240926000.0;266488.0;9;3171.33;784.88;0.2475;0.1076
RECX11;Títulos e Val. Mob.;67.99;0.10800000000000001;0.0641;0.94;14843100.0;0.0;0;0.0;0.0;0.0;0.0
REIT11;Títulos e Val. Mob.;99.07;0.0926;0.0873;0.35;2604650.0;24.0;0;0.0;0.0;0.0;0.0
RELG11;Híbrido;63.93;0.0415;0.0365;0.5;85318600.0;206747.0;5;1194.92;180.7;0.1512;0.1
RFOF11;Títulos e Val. Mob.;59.94;0.1084;0.1421;0.89;64625200.0;512474.0;0;0.0;0.0;0.0;0.0
RINV11;Títulos e Val. Mob.;94.37;0.0373;0.14429999999999998;1.0;309489000.0;441131.0;0;0.0;0.0;0.0;0.0
RMAI11;Híbrido;80.0;0.0184;0.07;0.75;195504000.0;313720.0;2;4665.19;246.27;0.0528;0.1827
RNDP11;Títulos e Val. Mob.;39.51;-0.0355;0.742;0.81;4246570.0;11731.0;0;0.0;0.0;0.0;0.0
RNGO11;Lajes Corporativas;43.7;0.10529999999999999;0.1035;0.52;116941000.0;51142.0;4;2041.87;297.91;0.1459;0.1463
ROOF11;Outros;727.2;-0.07690000000000001;0.0;1.39;56354400.0;0.0;58;2899.99;11.15;0.0038;0.0
RPRI11;Títulos e Val. Mob.;79.31;0.1198;0.1508;0.81;275343000.0;481465.0;0;0.0;0.0;0.0;0.0
RRCI11;Títulos e Val. Mob.;68.69;0.1431;0.1478;0.77;33091900.0;58655.0;0;0.0;0.0;0.0;0.0
RSPD11;Residencial;989.99;-0.0151;0.0352;0.93;147519000.0;17734.0;0;0.0;0.0;0.0;0.0
RURA11;Títulos e Val. Mob.;7.21;0.14730000000000001;0.1545;0.71;1154320000.0;3172020.0;0;0.0;0.0;0.0;0.0
RVBI11;Títulos e Val. Mob.;59.88;0.08900000000000001;0.14859999999999998;0.81;615328000.0;1413100.0;0;0.0;0.0;0.0;0.0
RZAG11;Títulos e Val. Mob.;7.95;0.2281;0.16;0.83;540921000.0;1754160.0;0;0.0;0.0;0.0;0.0
RZAK11;Títulos e Val. Mob.;76.87;0.1595;0.17120000000000002;0.89;677062000.0;1914410.0;0;0.0;0.0;0.0;0.0
RZAT11;Híbrido;77.1;-0.695;0.16210000000000002;0.77;326522000.0;962451.0;11;1320.54;130.14;0.0986;0.0
RZDM11;Híbrido;550.16;0.1974;0.0;4.15;88025600.0;0.0;4;61028.8;0.0;0.0;0.0
RZEO11;Outros;242.54;0.1231;0.2717;1.09;764710000.0;0.0;0;0.0;0.0;0.20920000000000002;0.0
RZTR11;Títulos e Val. Mob.;83.5;0.1934;0.1321;0.85;1574120000.0;4798470.0;17;2.34;0.31;0.1335;0.244
RZZR11;Outros;141.5;0.0716;0.024300000000000002;0.86;692963000.0;11796.0;8;1616.01;119.44;0.0739;0.0
SADI11;Títulos e Val. Mob.;8.34;0.1343;0.128;0.88;129160000.0;201986.0;0;0.0;0.0;0.0;0.0
SAIC11;Lajes Corporativas;34.01;-0.0288;0.0;0.6;48625500.0;1.0;1;4373.58;54.98;0.0126;1.0
SAPI11;Títulos e Val. Mob.;7.48;0.1336;0.1367;0.78;115468000.0;387292.0;0;0.0;0.0;0.0;0.0
SARE11;Híbrido;3.7;0.1114;0.0901;0.48;341670000.0;748517.0;3;1926.92;268.46;0.1393;0.0
SCPF11;Híbrido;1.91;0.043899999999999995;0.0327;0.18;8022000.0;1557.0;1;1687.42;680.97;0.4036;0.3226
SDIL11;Logística;96.5;0.054400000000000004;0.0;1.0;746822000.0;0.0;6;1962.8;251.82;0.1283;0.0
SDIP11;Lajes Corporativas;88.0;0.019799999999999998;0.0;0.89;371533000.0;0.0;5;11055.7;1012.66;0.0916;0.0
SEED11;Híbrido;100.0;0.1023;0.1148;1.19;164000000.0;2439.0;0;0.0;0.0;0.0;0.0
SEQR11;Outros;47.82;0.1552;0.14730000000000001;0.52;79653500.0;76650.0;4;1885.45;360.14;0.191;0.0
SHDP11B;Shoppings;1210.05;0.094;0.0794;0.87;1439630000.0;0.0;1;11099600.0;1199306.92;0.10800000000000001;0.015
SHOP11;Híbrido;55.04;0.0019;0.0;1.54;107436000.0;11.0;1;3822.65;249.34;0.0652;0.18059999999999998
SHPH11;Shoppings;919.45;0.0653;0.0653;0.9;559899000.0;89494.0;1;15945.3;1254.42;0.0787;0.038900000000000004
SIGR11;Títulos e Val. Mob.;99.9;0.07519999999999999;0.0252;1.04;67974600.0;0.0;0;0.0;0.0;0.0;0.0
SJAU11;Logística;46.48;0.2547;0.2096;0.74;368691000.0;526311.0;0;0.0;0.0;0.0;0.0
SMRE11;Outros;97.96;-0.0007000000000000001;0.04190000000000001;0.89;43873300.0;341620.0;0;0.0;0.0;0.0;0.0
SNAG11;Híbrido;9.14;0.1058;0.1331;0.89;555167000.0;1367560.0;3;124.37;11.01;0.0885;0.0
SNCI11;Títulos e Val. Mob.;81.26;0.1388;0.1406;0.85;341292000.0;533466.0;0;0.0;0.0;0.0;0.0
SNCR11;Híbrido;97.8;0.1152;0.0;1.03;472992000.0;0.0;0;0.0;0.0;0.0;0.0
SNEL11;Híbrido;8.63;0.0397;0.1348;1.19;220876000.0;479083.0;1;0.0;0.0;0.0361;0.0
SNFF11;Títulos e Val. Mob.;72.4;0.0817;0.1413;0.91;245773000.0;356599.0;0;0.0;0.0;0.0;0.0
SNFZ11;Híbrido;9.88;0.0006;0.0054;0.98;61256000.0;30458.0;2;40314.0;0.0;0.0;0.0
SNLG11;Híbrido;27.03;0.0824;0.08800000000000001;0.6;68385000.0;215719.0;6;2065.58;66.85;0.032400000000000005;0.0872
SNME11;Híbrido;8.7;0.1216;0.1433;0.96;64538700.0;37765.0;2;0.0;0.0;0.0;0.0
SOLR11;Híbrido;1051.35;-0.0195;0.0;1.11;67778400.0;0.0;1;7772.39;0.0;0.0;0.0
SPDE11;Residencial;1237.9;-0.0027;0.07690000000000001;0.96;113144000.0;0.0;0;0.0;0.0;0.0;0.0
SPMO11;Híbrido;144.0;-0.0012;0.0;1.0;260868000.0;0.0;0;0.0;0.0;0.0;0.0
SPTW11;Lajes Corporativas;33.37;0.19510000000000002;0.1496;0.57;59999300.0;67001.0;1;4203.58;958.12;0.2279;0.0
SPXS11;Híbrido;7.87;0.126;0.1474;0.86;158888000.0;355213.0;0;0.0;0.0;0.0;0.0
SRVD11;Títulos e Val. Mob.;3.0;-0.0016;0.0;5.52;288858000.0;0.0;0;0.0;0.0;0.0;0.0
STRX11;Híbrido;168.0;0.08789999999999999;0.060599999999999994;1.18;271078000.0;0.0;2;5267.81;486.09;0.09230000000000001;0.08130000000000001
TBOF11;Lajes Corporativas;101.5;-0.0011;0.0;486.34;1020080000.0;0.0;1;0.0;0.0;0.0;0.1537
TELM11;Híbrido;10.01;0.004;0.013500000000000002;1.03;21495100.0;76917.0;0;0.0;0.0;0.0;0.0
TEPP11;Lajes Corporativas;75.58;0.023;0.1358;0.76;319096000.0;596959.0;5;9495.3;1012.66;0.1066;0.0
TGAR11;Híbrido;81.28;0.14859999999999998;0.1808;0.71;1915600000.0;7689290.0;5;53.37;1.04;0.0194;0.0
THRA11;Lajes Corporativas;138.5;0.0296;0.0;14.52;203973000.0;0.0;0;0.0;0.0;0.0;0.0
TJKB11;Lajes Corporativas;269.0;0.0837;0.1173;1.01;267504000.0;7257.0;11;5621.7;589.15;0.1048;0.0
TMPS11;Títulos e Val. Mob.;77.99;0.1011;0.166;0.87;76349700.0;431336.0;0;0.0;0.0;0.0;0.0
TORD11;Híbrido;0.94;0.0021;0.0052;0.15;32948300.0;50322.0;0;0.0;0.0;0.0;0.0
TOUR11;Residencial;8.8;0.0;0.0;0.0;0.0;0.0;3;0.0;0.0;0.0;0.0
TRBL11;Logística;62.27;0.0843;0.15130000000000002;0.65;481913000.0;986357.0;6;1266.56;251.82;0.19879999999999998;0.0
TRNT11;Lajes Corporativas;97.5;0.057300000000000004;0.0127;0.56;383717000.0;17236.0;1;5986.82;615.32;0.10279999999999999;0.387
TRXB11;Híbrido;119.05;0.0825;0.16829999999999998;1.06;406419000.0;78282.0;13;1581.62;246.66;0.156;0.0
TRXF11;Híbrido;100.52;-0.0189;0.1247;0.99;2013970000.0;5925900.0;29;4481.14;337.91;0.0754;0.0
TRXL11;Híbrido;103.38;0.061;0.0;1.0;4471100000.0;0.0;19;6133.16;270.01;0.044000000000000004;0.0246
TRXY11;Híbrido;9.95;0.0;0.0168;1.05;35916700.0;10450.0;0;0.0;0.0;0.0;0.0
TSER11;Lajes Corporativas;100.0;0.1092;0.1148;0.99;138476000.0;0.0;1;2753.88;245.83;0.08929999999999999;0.0
TSNC11;Híbrido;82.1;-0.0748;6552.56;1.03;89224600.0;156.0;1;7082.67;72.5;0.0102;1.0
TVRI11;Lajes Corporativas;84.45;0.11939999999999999;0.1371;0.83;1344420000.0;1107180.0;61;3220.91;479.56;0.1489;0.0144
UBSR11;Títulos e Val. Mob.;102.5;0.1018;0.0;1.14;2710270000.0;0.0;1;52745.5;0.0;0.0;1.0002
URHF11;Títulos e Val. Mob.;90.0;0.054000000000000006;0.026600000000000002;0.92;9937530.0;2990.0;0;0.0;0.0;0.0;0.0
URPR11;Outros;58.75;0.1448;0.2016;0.59;689366000.0;1584940.0;0;0.0;0.0;0.0;0.0
VCJR11;Títulos e Val. Mob.;73.29;0.1714;0.1491;0.79;1079120000.0;2691240.0;0;0.0;0.0;0.0;0.0
VCRA11;Títulos e Val. Mob.;60.0;0.2427;0.20010000000000003;0.58;275635000.0;802772.0;0;0.0;0.0;0.0;0.0
VCRI11;Títulos e Val. Mob.;6.32;0.16190000000000002;0.175;0.68;112327000.0;149809.0;0;0.0;0.0;0.0;0.0
VCRR11;Logística;58.6;0.1306;0.1301;0.46;117200000.0;187492.0;4;2084.0;288.42;0.1384;0.0
VERE11;Outros;445.76;0.0659;0.0637;0.91;282707000.0;0.0;4;1661.25;195.15;0.1175;0.16519999999999999
VGHF11;Títulos e Val. Mob.;7.14;0.0816;0.1495;0.84;1176110000.0;3712850.0;0;0.0;0.0;0.0;0.0
VGIA11;Títulos e Val. Mob.;7.79;0.168;0.16670000000000001;0.85;673485000.0;1782700.0;0;0.0;0.0;0.0;0.0
VGII11;Outros;101.41;0.0412;0.0713;1.05;52618100.0;74202.0;0;0.0;0.0;0.0;0.0
VGIP11;Títulos e Val. Mob.;75.15;0.13390000000000002;0.1354;0.86;885812000.0;2196530.0;0;0.0;0.0;0.0;0.0
VGIR11;Títulos e Val. Mob.;8.99;0.10490000000000001;0.1392;0.94;1313450000.0;5768860.0;0;0.0;0.0;0.0;0.0
VGRI11;Títulos e Val. Mob.;7.24;0.0444;0.09480000000000001;0.74;253557000.0;444579.0;5;4505.99;245.96;0.0546;0.06509999999999999
VIFI11;Títulos e Val. Mob.;7.53;0.1143;0.1144;0.93;60911600.0;1287540.0;0;0.0;0.0;0.0;0.0
VILG11;Logística;71.9;0.10289999999999999;0.1013;0.64;1078310000.0;2098760.0;15;1883.51;232.49;0.1234;0.061900000000000004
VINO11;Lajes Corporativas;4.75;0.1182;0.1371;0.46;393425000.0;664633.0;10;5845.55;1102.1;0.1885;0.0166
VISC11;Shoppings;95.98;0.0888;0.1109;0.77;2766970000.0;5396650.0;30;2607.3;250.45;0.09609999999999999;0.0644
VIUR11;Outros;5.23;0.1539;0.153;0.59;140929000.0;202710.0;8;2000.83;321.2;0.1605;0.0311
VJFD11;Híbrido;155.02;0.0592;0.0194;0.95;755898000.0;2087.0;39;790.59;49.53;0.06269999999999999;0.0
VLOL11;Lajes Corporativas;98.0;0.0678;0.0;0.88;174913000.0;0.0;0;0.0;0.0;0.0;0.0
VOTS11;Títulos e Val. Mob.;72.94;0.13970000000000002;0.12960000000000002;0.79;60388000.0;7238.0;0;0.0;0.0;0.0;0.0
VPSI11;Shoppings;15.61;0.1557;0.0968;0.5;126002000.0;0.0;16;1024.2;163.99;0.16010000000000002;0.0
VRTA11;Títulos e Val. Mob.;78.0;0.1245;0.1294;0.9;1216210000.0;1799480.0;0;0.0;0.0;0.0;0.0
VRTM11;Híbrido;6.39;0.0473;0.16449999999999998;0.69;300146000.0;300039.0;16;4567.15;0.0;0.0;0.0
VSEC11;Títulos e Val. Mob.;0.21;7.0084;0.0;0.07;13174.0;0.0;0;0.0;0.0;0.0;0.0
VSHO11;Shoppings;63.9;0.12359999999999999;0.1216;0.61;134113000.0;55540.0;3;1512.58;377.97;0.24989999999999998;0.10210000000000001
VSLH11;Outros;2.94;0.10880000000000001;0.15789999999999998;0.28;87800400.0;169631.0;0;0.0;0.0;0.0;0.0
VTLT11;Logística;83.3;0.13470000000000001;0.1326;0.8;176180000.0;85522.0;1;681.7;104.75;0.1537;0.0
VTPL11;Híbrido;72.1;-0.0060999999999999995;0.0;0.71;99948000.0;0.0;1;2743.71;0.0;0.0;0.0
VVCR11;Títulos e Val. Mob.;9.44;0.09179999999999999;0.105;0.93;70878700.0;252925.0;0;0.0;0.0;0.0;0.0
VVMR11;Híbrido;82.49;0.0571;0.094;0.74;232884000.0;1427260.0;5;7584.39;612.19;0.08070000000000001;0.028300000000000002
VVPR11;Híbrido;101.5;0.08990000000000001;0.0;1.04;234036000.0;0.0;6;5334.39;526.7;0.0987;0.0
VVRI11;Híbrido;80.05;0.0906;0.13449999999999998;0.91;64254800.0;276782.0;2;2726.73;487.87;0.1789;0.0
VXXV11;Outros;710.0;-0.011200000000000002;0.33649999999999997;1.07;196277000.0;1881310.0;1;86.99;0.0;0.0;1.0
WHGR11;Híbrido;8.16;0.12560000000000002;0.1448;0.87;252245000.0;317425.0;0;0.0;0.0;0.0;0.0
WPLZ11;Shoppings;47.0;0.1008;0.0932;0.7;52242800.0;2977.0;1;1393.72;155.41;0.1115;0.0926
WSEC11;Títulos e Val. Mob.;7.61;0.1429;0.1365;0.75;18694000.0;6298.0;0;0.0;0.0;0.0;0.0
WTSP11;Híbrido;59.95;0.22760000000000002;0.19899999999999998;0.71;74252400.0;9024.0;1;6012.48;339.13;0.0564;0.0345
XPCA11;Títulos e Val. Mob.;6.8;0.174;0.1431;0.72;309557000.0;1104110.0;0;0.0;0.0;0.0;0.0
XPCI11;Títulos e Val. Mob.;72.11;0.1344;0.1424;0.83;627469000.0;1814570.0;0;0.0;0.0;0.0;0.0
XPCM11;Híbrido;6.43;-0.3296;0.0;0.24;15525700.0;13749.0;1;778.3;21.63;0.0278;0.63
XPHT11;Hotel;123.0;0.0296;0.0;1.8;1133880000.0;0.0;14;19966.1;673.96;0.0338;0.0
XPIN11;Outros;65.89;0.105;0.1186;0.63;471141000.0;373861.0;81;1817.73;251.63;0.1384;0.064
XPLG11;Logística;91.15;0.0859;0.10189999999999999;0.81;2841690000.0;4470190.0;18;2213.24;203.93;0.09210000000000002;0.028300000000000002
XPML11;Shoppings;97.5;0.0834;0.1117;0.83;5393720000.0;15956900.0;20;5472.42;425.69;0.07780000000000001;0.0565
XPPR11;Outros;12.55;0.0814;0.0666;0.21;91817900.0;109290.0;2;1754.54;410.39;0.2339;0.4523
XPSF11;Títulos e Val. Mob.;5.76;0.13949999999999999;0.1497;0.79;249420000.0;621229.0;0;0.0;0.0;0.0;0.0
XTED11;Lajes Corporativas;8.82;0.09230000000000001;0.0;0.61;87318000.0;0.0;4;3700.84;320.96;0.0867;0.0
YCHY11;Híbrido;1000.0;-0.0536;0.0;10.01;4235040000.0;0.0;11;17127.6;130.14;0.0076;0.0
YUFI11;Residencial;59.52;0.049800000000000004;0.0487;0.56;29322500.0;19.0;40;1437.34;224.64;0.1563;0.0
ZAGH11;Híbrido;10.7;0.028900000000000002;0.0579;1.14;95140800.0;3309.0;0;0.0;0.0;0.0;0.0
ZAVC11;Títulos e Val. Mob.;9.5;0.0712;0.11630000000000001;0.96;29424800.0;42.0;0;0.0;0.0;0.0;0.0
ZAVI11;Híbrido;86.25;0.1759;0.1764;0.65;101199000.0;507495.0;10;1364.79;207.27;0.1519;0.0068000000000000005
ZIFI11;Híbrido;630.0;-0.029900000000000003;0.0;0.36;29915600.0;4037.0;0;0.0;0.0;0.0;0.0
